sam2_index	sam2_frame	original_frame
0	00000.jpg	frame_000001.jpg
1	00001.jpg	frame_000002.jpg
2	00002.jpg	frame_000003.jpg
3	00003.jpg	frame_000004.jpg
4	00004.jpg	frame_000005.jpg
5	00005.jpg	frame_000006.jpg
6	00006.jpg	frame_000007.jpg
7	00007.jpg	frame_000008.jpg
8	00008.jpg	frame_000009.jpg
9	00009.jpg	frame_000010.jpg
10	00010.jpg	frame_000011.jpg
11	00011.jpg	frame_000012.jpg
12	00012.jpg	frame_000013.jpg
13	00013.jpg	frame_000014.jpg
14	00014.jpg	frame_000015.jpg
15	00015.jpg	frame_000016.jpg
16	00016.jpg	frame_000017.jpg
17	00017.jpg	frame_000018.jpg
18	00018.jpg	frame_000019.jpg
19	00019.jpg	frame_000020.jpg
20	00020.jpg	frame_000021.jpg
21	00021.jpg	frame_000022.jpg
22	00022.jpg	frame_000023.jpg
23	00023.jpg	frame_000024.jpg
24	00024.jpg	frame_000025.jpg
25	00025.jpg	frame_000026.jpg
26	00026.jpg	frame_000027.jpg
27	00027.jpg	frame_000028.jpg
28	00028.jpg	frame_000029.jpg
29	00029.jpg	frame_000030.jpg
30	00030.jpg	frame_000031.jpg
31	00031.jpg	frame_000032.jpg
32	00032.jpg	frame_000033.jpg
33	00033.jpg	frame_000034.jpg
34	00034.jpg	frame_000035.jpg
35	00035.jpg	frame_000036.jpg
36	00036.jpg	frame_000037.jpg
37	00037.jpg	frame_000038.jpg
38	00038.jpg	frame_000039.jpg
39	00039.jpg	frame_000040.jpg
40	00040.jpg	frame_000041.jpg
41	00041.jpg	frame_000042.jpg
42	00042.jpg	frame_000043.jpg
43	00043.jpg	frame_000044.jpg
44	00044.jpg	frame_000045.jpg
45	00045.jpg	frame_000046.jpg
46	00046.jpg	frame_000047.jpg
47	00047.jpg	frame_000048.jpg
48	00048.jpg	frame_000049.jpg
49	00049.jpg	frame_000050.jpg
50	00050.jpg	frame_000051.jpg
51	00051.jpg	frame_000052.jpg
52	00052.jpg	frame_000053.jpg
53	00053.jpg	frame_000054.jpg
54	00054.jpg	frame_000055.jpg
55	00055.jpg	frame_000056.jpg
56	00056.jpg	frame_000057.jpg
57	00057.jpg	frame_000058.jpg
58	00058.jpg	frame_000059.jpg
59	00059.jpg	frame_000060.jpg
60	00060.jpg	frame_000061.jpg
61	00061.jpg	frame_000062.jpg
62	00062.jpg	frame_000063.jpg
63	00063.jpg	frame_000064.jpg
64	00064.jpg	frame_000065.jpg
65	00065.jpg	frame_000066.jpg
66	00066.jpg	frame_000067.jpg
67	00067.jpg	frame_000068.jpg
68	00068.jpg	frame_000069.jpg
69	00069.jpg	frame_000070.jpg
70	00070.jpg	frame_000071.jpg
71	00071.jpg	frame_000072.jpg
72	00072.jpg	frame_000073.jpg
73	00073.jpg	frame_000074.jpg
74	00074.jpg	frame_000075.jpg
75	00075.jpg	frame_000076.jpg
76	00076.jpg	frame_000077.jpg
77	00077.jpg	frame_000078.jpg
78	00078.jpg	frame_000079.jpg
79	00079.jpg	frame_000080.jpg
80	00080.jpg	frame_000081.jpg
81	00081.jpg	frame_000082.jpg
82	00082.jpg	frame_000083.jpg
83	00083.jpg	frame_000084.jpg
84	00084.jpg	frame_000085.jpg
85	00085.jpg	frame_000086.jpg
86	00086.jpg	frame_000087.jpg
87	00087.jpg	frame_000088.jpg
88	00088.jpg	frame_000089.jpg
89	00089.jpg	frame_000090.jpg
90	00090.jpg	frame_000091.jpg
91	00091.jpg	frame_000092.jpg
92	00092.jpg	frame_000093.jpg
93	00093.jpg	frame_000094.jpg
94	00094.jpg	frame_000095.jpg
95	00095.jpg	frame_000096.jpg
96	00096.jpg	frame_000097.jpg
97	00097.jpg	frame_000098.jpg
98	00098.jpg	frame_000099.jpg
99	00099.jpg	frame_000100.jpg
100	00100.jpg	frame_000101.jpg
101	00101.jpg	frame_000102.jpg
102	00102.jpg	frame_000103.jpg
103	00103.jpg	frame_000104.jpg
104	00104.jpg	frame_000105.jpg
105	00105.jpg	frame_000106.jpg
106	00106.jpg	frame_000107.jpg
107	00107.jpg	frame_000108.jpg
108	00108.jpg	frame_000109.jpg
109	00109.jpg	frame_000110.jpg
110	00110.jpg	frame_000111.jpg
111	00111.jpg	frame_000112.jpg
112	00112.jpg	frame_000113.jpg
113	00113.jpg	frame_000114.jpg
114	00114.jpg	frame_000115.jpg
115	00115.jpg	frame_000116.jpg
116	00116.jpg	frame_000117.jpg
117	00117.jpg	frame_000118.jpg
118	00118.jpg	frame_000119.jpg
119	00119.jpg	frame_000120.jpg
120	00120.jpg	frame_000121.jpg
121	00121.jpg	frame_000122.jpg
122	00122.jpg	frame_000123.jpg
123	00123.jpg	frame_000124.jpg
124	00124.jpg	frame_000125.jpg
125	00125.jpg	frame_000126.jpg
126	00126.jpg	frame_000127.jpg
127	00127.jpg	frame_000128.jpg
128	00128.jpg	frame_000129.jpg
129	00129.jpg	frame_000130.jpg
130	00130.jpg	frame_000131.jpg
131	00131.jpg	frame_000132.jpg
132	00132.jpg	frame_000133.jpg
133	00133.jpg	frame_000134.jpg
134	00134.jpg	frame_000135.jpg
135	00135.jpg	frame_000136.jpg
136	00136.jpg	frame_000137.jpg
137	00137.jpg	frame_000138.jpg
138	00138.jpg	frame_000139.jpg
139	00139.jpg	frame_000140.jpg
140	00140.jpg	frame_000141.jpg
141	00141.jpg	frame_000142.jpg
142	00142.jpg	frame_000143.jpg
143	00143.jpg	frame_000144.jpg
144	00144.jpg	frame_000145.jpg
145	00145.jpg	frame_000146.jpg
146	00146.jpg	frame_000147.jpg
147	00147.jpg	frame_000148.jpg
148	00148.jpg	frame_000149.jpg
149	00149.jpg	frame_000150.jpg
150	00150.jpg	frame_000151.jpg
151	00151.jpg	frame_000152.jpg
152	00152.jpg	frame_000153.jpg
153	00153.jpg	frame_000154.jpg
154	00154.jpg	frame_000155.jpg
155	00155.jpg	frame_000156.jpg
156	00156.jpg	frame_000157.jpg
157	00157.jpg	frame_000158.jpg
158	00158.jpg	frame_000159.jpg
159	00159.jpg	frame_000160.jpg
160	00160.jpg	frame_000161.jpg
161	00161.jpg	frame_000162.jpg
162	00162.jpg	frame_000163.jpg
163	00163.jpg	frame_000164.jpg
164	00164.jpg	frame_000165.jpg
165	00165.jpg	frame_000166.jpg
166	00166.jpg	frame_000167.jpg
167	00167.jpg	frame_000168.jpg
168	00168.jpg	frame_000169.jpg
169	00169.jpg	frame_000170.jpg
170	00170.jpg	frame_000171.jpg
171	00171.jpg	frame_000172.jpg
172	00172.jpg	frame_000173.jpg
173	00173.jpg	frame_000174.jpg
174	00174.jpg	frame_000175.jpg
175	00175.jpg	frame_000176.jpg
176	00176.jpg	frame_000177.jpg
177	00177.jpg	frame_000178.jpg
178	00178.jpg	frame_000179.jpg
179	00179.jpg	frame_000180.jpg
180	00180.jpg	frame_000181.jpg
181	00181.jpg	frame_000182.jpg
182	00182.jpg	frame_000183.jpg
183	00183.jpg	frame_000184.jpg
184	00184.jpg	frame_000185.jpg
185	00185.jpg	frame_000186.jpg
186	00186.jpg	frame_000187.jpg
187	00187.jpg	frame_000188.jpg
188	00188.jpg	frame_000189.jpg
189	00189.jpg	frame_000190.jpg
190	00190.jpg	frame_000191.jpg
191	00191.jpg	frame_000192.jpg
192	00192.jpg	frame_000193.jpg
193	00193.jpg	frame_000194.jpg
194	00194.jpg	frame_000195.jpg
195	00195.jpg	frame_000196.jpg
196	00196.jpg	frame_000197.jpg
197	00197.jpg	frame_000198.jpg
198	00198.jpg	frame_000199.jpg
199	00199.jpg	frame_000200.jpg
200	00200.jpg	frame_000201.jpg
201	00201.jpg	frame_000202.jpg
202	00202.jpg	frame_000203.jpg
203	00203.jpg	frame_000204.jpg
204	00204.jpg	frame_000205.jpg
205	00205.jpg	frame_000206.jpg
206	00206.jpg	frame_000207.jpg
207	00207.jpg	frame_000208.jpg
208	00208.jpg	frame_000209.jpg
209	00209.jpg	frame_000210.jpg
210	00210.jpg	frame_000211.jpg
211	00211.jpg	frame_000212.jpg
212	00212.jpg	frame_000213.jpg
213	00213.jpg	frame_000214.jpg
214	00214.jpg	frame_000215.jpg
215	00215.jpg	frame_000216.jpg
216	00216.jpg	frame_000217.jpg
217	00217.jpg	frame_000218.jpg
218	00218.jpg	frame_000219.jpg
219	00219.jpg	frame_000220.jpg
220	00220.jpg	frame_000221.jpg
221	00221.jpg	frame_000222.jpg
222	00222.jpg	frame_000223.jpg
223	00223.jpg	frame_000224.jpg
224	00224.jpg	frame_000225.jpg
225	00225.jpg	frame_000226.jpg
226	00226.jpg	frame_000227.jpg
227	00227.jpg	frame_000228.jpg
228	00228.jpg	frame_000229.jpg
229	00229.jpg	frame_000230.jpg
230	00230.jpg	frame_000231.jpg
231	00231.jpg	frame_000232.jpg
232	00232.jpg	frame_000233.jpg
233	00233.jpg	frame_000234.jpg
234	00234.jpg	frame_000235.jpg
235	00235.jpg	frame_000236.jpg
236	00236.jpg	frame_000237.jpg
237	00237.jpg	frame_000238.jpg
238	00238.jpg	frame_000239.jpg
239	00239.jpg	frame_000240.jpg
240	00240.jpg	frame_000241.jpg
241	00241.jpg	frame_000242.jpg
242	00242.jpg	frame_000243.jpg
243	00243.jpg	frame_000244.jpg
244	00244.jpg	frame_000245.jpg
245	00245.jpg	frame_000246.jpg
246	00246.jpg	frame_000247.jpg
247	00247.jpg	frame_000248.jpg
248	00248.jpg	frame_000249.jpg
249	00249.jpg	frame_000250.jpg
250	00250.jpg	frame_000251.jpg
251	00251.jpg	frame_000252.jpg
252	00252.jpg	frame_000253.jpg
253	00253.jpg	frame_000254.jpg
254	00254.jpg	frame_000255.jpg
255	00255.jpg	frame_000256.jpg
256	00256.jpg	frame_000257.jpg
257	00257.jpg	frame_000258.jpg
258	00258.jpg	frame_000259.jpg
259	00259.jpg	frame_000260.jpg
260	00260.jpg	frame_000261.jpg
261	00261.jpg	frame_000262.jpg
262	00262.jpg	frame_000263.jpg
263	00263.jpg	frame_000264.jpg
264	00264.jpg	frame_000265.jpg
265	00265.jpg	frame_000266.jpg
266	00266.jpg	frame_000267.jpg
267	00267.jpg	frame_000268.jpg
268	00268.jpg	frame_000269.jpg
269	00269.jpg	frame_000270.jpg
270	00270.jpg	frame_000271.jpg
271	00271.jpg	frame_000272.jpg
272	00272.jpg	frame_000273.jpg
273	00273.jpg	frame_000274.jpg
274	00274.jpg	frame_000275.jpg
275	00275.jpg	frame_000276.jpg
276	00276.jpg	frame_000277.jpg
277	00277.jpg	frame_000278.jpg
278	00278.jpg	frame_000279.jpg
279	00279.jpg	frame_000280.jpg
280	00280.jpg	frame_000281.jpg
281	00281.jpg	frame_000282.jpg
282	00282.jpg	frame_000283.jpg
283	00283.jpg	frame_000284.jpg
284	00284.jpg	frame_000285.jpg
285	00285.jpg	frame_000286.jpg
286	00286.jpg	frame_000287.jpg
287	00287.jpg	frame_000288.jpg
288	00288.jpg	frame_000289.jpg
289	00289.jpg	frame_000290.jpg
290	00290.jpg	frame_000291.jpg
291	00291.jpg	frame_000292.jpg
292	00292.jpg	frame_000293.jpg
293	00293.jpg	frame_000294.jpg
294	00294.jpg	frame_000295.jpg
295	00295.jpg	frame_000296.jpg
296	00296.jpg	frame_000297.jpg
297	00297.jpg	frame_000298.jpg
298	00298.jpg	frame_000299.jpg
299	00299.jpg	frame_000300.jpg
300	00300.jpg	frame_000301.jpg
301	00301.jpg	frame_000302.jpg
302	00302.jpg	frame_000303.jpg
303	00303.jpg	frame_000304.jpg
304	00304.jpg	frame_000305.jpg
305	00305.jpg	frame_000306.jpg
306	00306.jpg	frame_000307.jpg
307	00307.jpg	frame_000308.jpg
308	00308.jpg	frame_000309.jpg
309	00309.jpg	frame_000310.jpg
310	00310.jpg	frame_000311.jpg
311	00311.jpg	frame_000312.jpg
312	00312.jpg	frame_000313.jpg
313	00313.jpg	frame_000314.jpg
314	00314.jpg	frame_000315.jpg
315	00315.jpg	frame_000316.jpg
316	00316.jpg	frame_000317.jpg
317	00317.jpg	frame_000318.jpg
318	00318.jpg	frame_000319.jpg
319	00319.jpg	frame_000320.jpg
320	00320.jpg	frame_000321.jpg
321	00321.jpg	frame_000322.jpg
322	00322.jpg	frame_000323.jpg
323	00323.jpg	frame_000324.jpg
324	00324.jpg	frame_000325.jpg
325	00325.jpg	frame_000326.jpg
326	00326.jpg	frame_000327.jpg
327	00327.jpg	frame_000328.jpg
328	00328.jpg	frame_000329.jpg
329	00329.jpg	frame_000330.jpg
330	00330.jpg	frame_000331.jpg
331	00331.jpg	frame_000332.jpg
332	00332.jpg	frame_000333.jpg
333	00333.jpg	frame_000334.jpg
334	00334.jpg	frame_000335.jpg
335	00335.jpg	frame_000336.jpg
336	00336.jpg	frame_000337.jpg
337	00337.jpg	frame_000338.jpg
338	00338.jpg	frame_000339.jpg
339	00339.jpg	frame_000340.jpg
340	00340.jpg	frame_000341.jpg
341	00341.jpg	frame_000342.jpg
342	00342.jpg	frame_000343.jpg
343	00343.jpg	frame_000344.jpg
344	00344.jpg	frame_000345.jpg
345	00345.jpg	frame_000346.jpg
346	00346.jpg	frame_000347.jpg
347	00347.jpg	frame_000348.jpg
348	00348.jpg	frame_000349.jpg
349	00349.jpg	frame_000350.jpg
350	00350.jpg	frame_000351.jpg
351	00351.jpg	frame_000352.jpg
352	00352.jpg	frame_000353.jpg
353	00353.jpg	frame_000354.jpg
354	00354.jpg	frame_000355.jpg
355	00355.jpg	frame_000356.jpg
356	00356.jpg	frame_000357.jpg
357	00357.jpg	frame_000358.jpg
358	00358.jpg	frame_000359.jpg
359	00359.jpg	frame_000360.jpg
360	00360.jpg	frame_000361.jpg
361	00361.jpg	frame_000362.jpg
362	00362.jpg	frame_000363.jpg
363	00363.jpg	frame_000364.jpg
364	00364.jpg	frame_000365.jpg
365	00365.jpg	frame_000366.jpg
366	00366.jpg	frame_000367.jpg
367	00367.jpg	frame_000368.jpg
368	00368.jpg	frame_000369.jpg
369	00369.jpg	frame_000370.jpg
370	00370.jpg	frame_000371.jpg
371	00371.jpg	frame_000372.jpg
372	00372.jpg	frame_000373.jpg
373	00373.jpg	frame_000374.jpg
374	00374.jpg	frame_000375.jpg
375	00375.jpg	frame_000376.jpg
376	00376.jpg	frame_000377.jpg
377	00377.jpg	frame_000378.jpg
378	00378.jpg	frame_000379.jpg
379	00379.jpg	frame_000380.jpg
380	00380.jpg	frame_000381.jpg
381	00381.jpg	frame_000382.jpg
382	00382.jpg	frame_000383.jpg
383	00383.jpg	frame_000384.jpg
384	00384.jpg	frame_000385.jpg
385	00385.jpg	frame_000386.jpg
386	00386.jpg	frame_000387.jpg
387	00387.jpg	frame_000388.jpg
388	00388.jpg	frame_000389.jpg
389	00389.jpg	frame_000390.jpg
390	00390.jpg	frame_000391.jpg
391	00391.jpg	frame_000392.jpg
392	00392.jpg	frame_000393.jpg
393	00393.jpg	frame_000394.jpg
394	00394.jpg	frame_000395.jpg
395	00395.jpg	frame_000396.jpg
396	00396.jpg	frame_000397.jpg
397	00397.jpg	frame_000398.jpg
398	00398.jpg	frame_000399.jpg
399	00399.jpg	frame_000400.jpg
400	00400.jpg	frame_000401.jpg
401	00401.jpg	frame_000402.jpg
402	00402.jpg	frame_000403.jpg
403	00403.jpg	frame_000404.jpg
404	00404.jpg	frame_000405.jpg
405	00405.jpg	frame_000406.jpg
406	00406.jpg	frame_000407.jpg
407	00407.jpg	frame_000408.jpg
408	00408.jpg	frame_000409.jpg
409	00409.jpg	frame_000410.jpg
410	00410.jpg	frame_000411.jpg
411	00411.jpg	frame_000412.jpg
412	00412.jpg	frame_000413.jpg
413	00413.jpg	frame_000414.jpg
414	00414.jpg	frame_000415.jpg
415	00415.jpg	frame_000416.jpg
416	00416.jpg	frame_000417.jpg
417	00417.jpg	frame_000418.jpg
418	00418.jpg	frame_000419.jpg
419	00419.jpg	frame_000420.jpg
420	00420.jpg	frame_000421.jpg
421	00421.jpg	frame_000422.jpg
422	00422.jpg	frame_000423.jpg
423	00423.jpg	frame_000424.jpg
424	00424.jpg	frame_000425.jpg
425	00425.jpg	frame_000426.jpg
426	00426.jpg	frame_000427.jpg
427	00427.jpg	frame_000428.jpg
428	00428.jpg	frame_000429.jpg
429	00429.jpg	frame_000430.jpg
430	00430.jpg	frame_000431.jpg
431	00431.jpg	frame_000432.jpg
432	00432.jpg	frame_000433.jpg
433	00433.jpg	frame_000434.jpg
434	00434.jpg	frame_000435.jpg
435	00435.jpg	frame_000436.jpg
436	00436.jpg	frame_000437.jpg
437	00437.jpg	frame_000438.jpg
